,ind,salinity
0,2833.0,23.312406539916992
1,3133.0,23.475643157958984
2,3433.0,23.643701553344727
3,3438.0,22.68733596801757
4,3439.0,23.69268035888672
5,3738.0,22.895544052124023
6,4038.0,23.10454559326172
