,ind,salinity
0,81.0,27.422657012939453
1,381.0,27.371387481689453
2,386.0,24.2730770111084
3,387.0,27.259859085083008
4,392.0,24.216732025146484
5,398.0,24.17731666564941
