,ind,salinity
0,722.0,24.27311897277832
1,1022.0,24.36285781860352
2,1322.0,24.44823455810547
3,1328.0,24.46061134338379
4,1628.0,24.544944763183597
5,1928.0,24.631689071655277
