,ind,salinity
0,4945.0,24.518280029296875
1,5245.0,24.66669654846192
2,5251.0,24.68604278564453
3,5550.0,24.15390586853028
4,5551.0,24.8262996673584
5,5850.0,24.322031021118164
6,6150.0,24.48489761352539
