,ind,salinity
0,1928.0,24.631689071655277
1,2227.0,22.923858642578125
2,2228.0,24.719139099121094
3,2527.0,23.081403732299805
4,2533.0,23.15551376342773
5,2833.0,23.312406539916992
