,ind,salinity
0,4038.0,23.10454559326172
1,4338.0,23.31119537353516
2,4344.0,23.372861862182617
3,4345.0,24.21260452270508
4,4645.0,24.366844177246094
5,4945.0,24.518280029296875
