,ind,salinity
0,81.0,27.422657012939453
1,375.0,27.505216598510746
2,381.0,27.371387481689453
3,669.0,27.712791442871094
4,675.0,27.53458023071289
5,963.0,27.90477180480957
6,969.0,27.7214298248291
