,ind,salinity
0,398.0,24.17731666564941
1,404.0,24.1534423828125
2,704.0,24.269662857055664
3,710.0,24.257646560668945
4,716.0,24.259370803833008
5,722.0,24.27311897277832
