,ind,salinity
0,5409.0,28.56633758544922
1,5709.0,28.57385635375977
2,5715.0,28.52356719970703
3,6015.0,28.5369815826416
4,6315.0,28.552095413208008
