,ind,salinity
0,6315.0,28.552095413208008
1,6615.0,28.56783676147461
2,6621.0,28.52206420898437
3,6920.0,27.578187942504883
4,6921.0,28.539213180541992
5,7220.0,27.620655059814453
6,7520.0,27.661754608154297
