,ind,salinity
0,8432.0,27.66278076171875
1,8732.0,27.69707489013672
2,9032.0,27.72800064086914
3,9332.0,27.75610542297364
4,9338.0,27.708324432373047
5,9638.0,27.73650360107422
