,ind,salinity
0,640.0,30.4748592376709
1,934.0,30.39838600158692
2,940.0,30.38416862487793
3,1233.0,28.485748291015625
4,1234.0,30.358604431152344
5,1527.0,28.559043884277344
6,1533.0,28.450693130493164
