,ind,salinity
0,1527.0,28.559043884277344
1,1821.0,28.629535675048828
2,1827.0,28.516340255737305
3,2115.0,28.70129776000977
4,2121.0,28.577299118041992
5,2409.0,28.75861930847168
6,2415.0,28.654760360717773
