,ind,salinity
0,640.0,30.4748592376709
1,646.0,30.42658042907715
2,946.0,30.33928680419922
3,951.0,28.26830291748047
4,952.0,30.269298553466804
5,957.0,28.08787727355957
6,963.0,27.90477180480957
