,ind,salinity
0,2409.0,28.75861930847168
1,2415.0,28.654760360717773
2,2715.0,28.615968704223636
3,3015.0,28.58288955688477
4,3315.0,28.55380630493164
5,3321.0,28.47418975830078
