,ind,salinity
0,3315.0,28.55380630493164
1,3321.0,28.47418975830078
2,3615.0,28.529748916625977
3,3908.0,27.135881423950195
4,3909.0,28.568164825439453
5,3915.0,28.514545440673828
6,4202.0,27.38965606689453
7,4208.0,27.237445831298828
