,ind,salinity
0,7520.0,27.661754608154297
1,7526.0,27.60019874572754
2,7826.0,27.642784118652344
3,8126.0,27.682172775268555
4,8426.0,27.717329025268555
5,8432.0,27.66278076171875
