,ind,salinity
0,4202.0,27.38965606689453
1,4502.0,27.465858459472656
2,4508.0,27.326780319213867
3,4808.0,27.403932571411133
4,4809.0,28.560667037963867
5,5109.0,28.56228446960449
6,5409.0,28.56633758544922
