,ind,salinity
0,10219.0,27.316972732543945
1,10513.0,27.390953063964844
2,10519.0,27.343503952026367
3,10806.0,27.19491958618164
4,10812.0,27.14275360107422
5,10813.0,27.413658142089844
6,11106.0,27.210956573486328
