,ind,salinity
0,9632.0,27.7823486328125
1,9638.0,27.73650360107422
2,9925.0,27.23762893676757
3,9926.0,27.85169219970703
4,9932.0,27.80739974975586
5,10219.0,27.316972732543945
6,10225.0,27.26782417297364
