,ind,salinity
0,12330.0,27.118799209594727
1,12336.0,27.084789276123047
2,12636.0,27.110502243041992
3,12642.0,27.08058357238769
4,12648.0,27.05274200439453
5,12654.0,27.02663803100586
