,ind,salinity
0,12313.0,27.520973205566406
1,12319.0,27.483264923095703
2,12324.0,27.154603958129883
3,12325.0,27.447044372558597
4,12330.0,27.118799209594727
