,ind,salinity
0,8749.0,26.829730987548828
1,9049.0,26.889707565307617
2,9055.0,26.830724716186523
3,9354.0,26.51772117614746
4,9355.0,26.88935089111328
5,9654.0,26.58425521850586
