,ind,salinity
0,12067.0,27.20520782470703
1,12360.0,26.96706962585449
2,12361.0,27.262407302856445
3,12367.0,27.240398406982425
4,12654.0,27.02663803100586
5,12660.0,27.00228881835937
