,ind,salinity
0,9978.0,26.44534111022949
1,10278.0,26.513765335083008
2,10578.0,26.57880973815918
3,10584.0,26.543073654174805
4,10884.0,26.606632232666016
5,11184.0,26.667177200317383
