,ind,salinity
0,9654.0,26.58425521850586
1,9954.0,26.645538330078125
2,9960.0,26.58992576599121
3,9966.0,26.5374813079834
4,9972.0,26.489036560058597
5,9978.0,26.445341110229485
