,ind,salinity
0,11106.0,27.210956573486328
1,11406.0,27.226179122924805
2,11706.0,27.240854263305664
3,11707.0,27.51839637756348
4,12007.0,27.538856506347656
5,12013.0,27.49875831604004
6,12313.0,27.520973205566406
