,ind,salinity
0,11178.0,26.699159622192383
1,11184.0,26.667177200317383
2,11473.0,27.101449966430664
3,11478.0,26.75395965576172
4,11479.0,27.07345199584961
5,11773.0,27.14253616333008
6,12067.0,27.20520782470703
7,12073.0,27.1817626953125
