,ind,salinity
0,7862.0,27.247114181518555
1,7868.0,27.178260803222656
2,8162.0,27.30815315246582
3,8455.0,26.696271896362305
4,8456.0,27.42609596252441
5,8749.0,26.829730987548828
6,8755.0,26.766355514526367
