,ind,salinity
0,7058.0,26.2822265625
1,7352.0,26.38261985778809
2,7358.0,26.37116050720215
3,7645.0,25.712459564208984
4,7651.0,25.707853317260746
5,7652.0,26.47047615051269
6,7945.0,25.82526969909668
