,ind,salinity
0,5929.0,25.4167594909668
1,5935.0,25.469310760498047
2,6229.0,25.50808334350586
3,6522.0,25.1212100982666
4,6523.0,25.554487228393555
5,6529.0,25.599437713623047
6,6816.0,25.176807403564453
7,6822.0,25.22830009460449
