,ind,salinity
0,7622.0,26.600887298583984
1,7916.0,26.725679397583008
2,7922.0,26.68501091003418
3,8210.0,26.849103927612305
4,8216.0,26.80572509765625
5,8510.0,26.924379348754883
