,ind,salinity
0,6498.0,24.913789749145508
1,6504.0,24.962194442749023
2,6804.0,25.080299377441406
3,6810.0,25.127330780029297
4,6816.0,25.176807403564453
