,ind,salinity
0,7622.0,26.600887298583984
1,7628.0,26.56437492370605
2,7634.0,26.53337478637696
3,7933.0,25.851360321044915
4,7934.0,26.61897850036621
5,7939.0,25.83585357666016
6,7945.0,25.82526969909668
