,ind,salinity
0,6492.0,24.86906623840332
1,6498.0,24.913789749145508
2,6786.0,24.956573486328125
3,6792.0,24.994630813598636
4,7081.0,25.528636932373047
5,7086.0,25.08275413513184
6,7087.0,25.55049705505371
7,7381.0,25.637290954589844
