,ind,salinity
0,7058.0,26.2822265625
1,7064.0,26.274768829345703
2,7070.0,26.271533966064453
3,7369.0,25.60838890075684
4,7370.0,26.35943031311035
5,7375.0,25.62114906311035
6,7381.0,25.637290954589844
