,ind,salinity
0,7868.0,27.178260803222656
1,7874.0,27.111967086791992
2,8173.0,26.417011260986328
3,8174.0,27.17764472961425
4,8179.0,26.35089111328125
5,8185.0,26.28702163696289
