,ind,salinity
0,8185.0,26.28702163696289
1,8191.0,26.22737693786621
2,8197.0,26.17308616638184
3,8198.0,26.94674491882324
4,8498.0,27.01801109313965
5,8504.0,26.969602584838867
6,8510.0,26.924379348754883
