,ind,salinity
0,8611.0,26.13808822631836
1,8905.0,26.204082489013672
2,8911.0,26.22623634338379
3,9198.0,25.91655731201172
4,9204.0,25.94159889221192
5,9205.0,26.291452407836918
6,9492.0,25.99216651916504
7,9498.0,26.01298713684082
