,ind,salinity
0,4782.0,25.2825984954834
1,5082.0,25.35671043395996
2,5088.0,25.433671951293945
3,5388.0,25.50615692138672
4,5688.0,25.57929801940918
