,ind,salinity
0,6570.0,25.60887336730957
1,6576.0,25.67300796508789
2,6864.0,25.63011741638184
3,6870.0,25.691123962402344
4,7158.0,25.65743064880371
5,7164.0,25.71506118774414
6,7458.0,25.744850158691406
