,ind,salinity
0,5688.0,25.57929801940918
1,5982.0,25.583635330200195
2,5988.0,25.65302848815918
3,6276.0,25.593469619750977
4,6282.0,25.660444259643555
5,6576.0,25.67300796508789
