,ind,salinity
0,8017.0,25.984241485595703
1,8023.0,26.01528549194336
2,8311.0,26.047643661499023
3,8317.0,26.074840545654297
4,8611.0,26.13808822631836
