,ind,salinity
0,5342.0,26.079912185668945
1,5348.0,26.12298393249512
2,5635.0,25.381227493286133
3,5641.0,25.438127517700195
4,5642.0,26.145471572875977
5,5935.0,25.469310760498047
