,ind,salinity
0,4459.0,25.31363296508789
1,4465.0,25.38314437866211
2,4753.0,25.320011138916016
3,4754.0,26.048458099365234
4,4759.0,25.38699722290039
5,5048.0,26.06095123291016
6,5054.0,26.10696601867676
7,5348.0,26.12298393249512
