,ind,salinity
0,8023.0,26.01528549194336
1,8029.0,26.04840660095215
2,8034.0,25.729204177856445
3,8035.0,26.0832748413086
4,8040.0,25.77416610717773
5,8046.0,25.8207950592041
