,ind,salinity
0,7458.0,25.744850158691406
1,7752.0,25.78015899658203
2,7758.0,25.83184051513672
3,8046.0,25.8207950592041
4,8052.0,25.868799209594727
