,ind,salinity
0,4465.0,25.38314437866211
1,4470.0,25.044565200805664
2,4471.0,25.452577590942383
3,4476.0,25.127294540405277
4,4776.0,25.202823638916016
5,4782.0,25.2825984954834
