,ind,salinity
0,9492.0,25.99216651916504
1,9786.0,26.06991195678711
2,9792.0,26.08692169189453
3,10080.0,26.14933204650879
4,10086.0,26.162412643432617
5,10380.0,26.2393798828125
